cluster,year,malaria,temp,prec,lng,lat
10,1,1,-1.3252172535264093,0.32506187903990863,5.799747509391211,5.722311890155703
10,1,1,-1.3252172535264093,0.32506187903990863,5.799747509391211,5.722311890155703
10,1,1,-1.3252172535264093,0.32506187903990863,5.799747509391211,5.722311890155703
10,1,1,-1.3252172535264093,0.32506187903990863,5.799747509391211,5.722311890155703
10,1,1,-1.3252172535264093,0.32506187903990863,5.799747509391211,5.722311890155703
10,1,1,-1.3252172535264093,0.32506187903990863,5.799747509391211,5.722311890155703
10,1,0,-1.3252172535264093,0.32506187903990863,5.799747509391211,5.722311890155703
10,1,0,-1.3252172535264093,0.32506187903990863,5.799747509391211,5.722311890155703
10,1,0,-1.3252172535264093,0.32506187903990863,5.799747509391211,5.722311890155703
10,1,0,-1.3252172535264093,0.32506187903990863,5.799747509391211,5.722311890155703
10,1,0,-1.3252172535264093,0.32506187903990863,5.799747509391211,5.722311890155703
10,1,0,-1.3252172535264093,0.32506187903990863,5.799747509391211,5.722311890155703
10,1,0,-1.3252172535264093,0.32506187903990863,5.799747509391211,5.722311890155703
10,1,0,-1.3252172535264093,0.32506187903990863,5.799747509391211,5.722311890155703
10,1,0,-1.3252172535264093,0.32506187903990863,5.799747509391211,5.722311890155703
10,1,0,-1.3252172535264093,0.32506187903990863,5.799747509391211,5.722311890155703
10,1,0,-1.3252172535264093,0.32506187903990863,5.799747509391211,5.722311890155703
10,1,0,-1.3252172535264093,0.32506187903990863,5.799747509391211,5.722311890155703
10,1,0,-1.3252172535264093,0.32506187903990863,5.799747509391211,5.722311890155703
10,1,0,-1.3252172535264093,0.32506187903990863,5.799747509391211,5.722311890155703
10,1,0,-1.3252172535264093,0.32506187903990863,5.799747509391211,5.722311890155703
10,1,0,-1.3252172535264093,0.32506187903990863,5.799747509391211,5.722311890155703
10,1,0,-1.3252172535264093,0.32506187903990863,5.799747509391211,5.722311890155703
10,1,0,-1.3252172535264093,0.32506187903990863,5.799747509391211,5.722311890155703
10,1,0,-1.3252172535264093,0.32506187903990863,5.799747509391211,5.722311890155703
10,1,0,-1.3252172535264093,0.32506187903990863,5.799747509391211,5.722311890155703
10,1,0,-1.3252172535264093,0.32506187903990863,5.799747509391211,5.722311890155703
14,1,1,1.6231227493174125,-0.4194455340398181,7.5470673436178375,11.156013276377767
14,1,1,1.6231227493174125,-0.4194455340398181,7.5470673436178375,11.156013276377767
14,1,1,1.6231227493174125,-0.4194455340398181,7.5470673436178375,11.156013276377767
14,1,1,1.6231227493174125,-0.4194455340398181,7.5470673436178375,11.156013276377767
14,1,1,1.6231227493174125,-0.4194455340398181,7.5470673436178375,11.156013276377767
14,1,1,1.6231227493174125,-0.4194455340398181,7.5470673436178375,11.156013276377767
14,1,1,1.6231227493174125,-0.4194455340398181,7.5470673436178375,11.156013276377767
14,1,1,1.6231227493174125,-0.4194455340398181,7.5470673436178375,11.156013276377767
14,1,0,1.6231227493174125,-0.4194455340398181,7.5470673436178375,11.156013276377767
14,1,0,1.6231227493174125,-0.4194455340398181,7.5470673436178375,11.156013276377767
14,1,0,1.6231227493174125,-0.4194455340398181,7.5470673436178375,11.156013276377767
14,1,0,1.6231227493174125,-0.4194455340398181,7.5470673436178375,11.156013276377767
14,1,0,1.6231227493174125,-0.4194455340398181,7.5470673436178375,11.156013276377767
14,1,0,1.6231227493174125,-0.4194455340398181,7.5470673436178375,11.156013276377767
14,1,0,1.6231227493174125,-0.4194455340398181,7.5470673436178375,11.156013276377767
14,1,0,1.6231227493174125,-0.4194455340398181,7.5470673436178375,11.156013276377767
14,1,0,1.6231227493174125,-0.4194455340398181,7.5470673436178375,11.156013276377767
14,1,0,1.6231227493174125,-0.4194455340398181,7.5470673436178375,11.156013276377767
14,1,0,1.6231227493174125,-0.4194455340398181,7.5470673436178375,11.156013276377767
14,1,0,1.6231227493174125,-0.4194455340398181,7.5470673436178375,11.156013276377767
14,1,0,1.6231227493174125,-0.4194455340398181,7.5470673436178375,11.156013276377767
14,1,0,1.6231227493174125,-0.4194455340398181,7.5470673436178375,11.156013276377767
14,1,0,1.6231227493174125,-0.4194455340398181,7.5470673436178375,11.156013276377767
26,1,1,-0.7222341080486123,0.73402938739019,11.010767722680498,12.368790031518849
26,1,1,-0.7222341080486123,0.73402938739019,11.010767722680498,12.368790031518849
26,1,1,-0.7222341080486123,0.73402938739019,11.010767722680498,12.368790031518849
26,1,1,-0.7222341080486123,0.73402938739019,11.010767722680498,12.368790031518849
26,1,1,-0.7222341080486123,0.73402938739019,11.010767722680498,12.368790031518849
26,1,1,-0.7222341080486123,0.73402938739019,11.010767722680498,12.368790031518849
26,1,1,-0.7222341080486123,0.73402938739019,11.010767722680498,12.368790031518849
26,1,1,-0.7222341080486123,0.73402938739019,11.010767722680498,12.368790031518849
26,1,0,-0.7222341080486123,0.73402938739019,11.010767722680498,12.368790031518849
26,1,0,-0.7222341080486123,0.73402938739019,11.010767722680498,12.368790031518849
26,1,0,-0.7222341080486123,0.73402938739019,11.010767722680498,12.368790031518849
26,1,0,-0.7222341080486123,0.73402938739019,11.010767722680498,12.368790031518849
26,1,0,-0.7222341080486123,0.73402938739019,11.010767722680498,12.368790031518849
26,1,0,-0.7222341080486123,0.73402938739019,11.010767722680498,12.368790031518849
26,1,0,-0.7222341080486123,0.73402938739019,11.010767722680498,12.368790031518849
26,1,0,-0.7222341080486123,0.73402938739019,11.010767722680498,12.368790031518849
26,1,0,-0.7222341080486123,0.73402938739019,11.010767722680498,12.368790031518849
26,1,0,-0.7222341080486123,0.73402938739019,11.010767722680498,12.368790031518849
26,1,0,-0.7222341080486123,0.73402938739019,11.010767722680498,12.368790031518849
26,1,0,-0.7222341080486123,0.73402938739019,11.010767722680498,12.368790031518849
26,1,0,-0.7222341080486123,0.73402938739019,11.010767722680498,12.368790031518849
26,1,0,-0.7222341080486123,0.73402938739019,11.010767722680498,12.368790031518849
26,1,0,-0.7222341080486123,0.73402938739019,11.010767722680498,12.368790031518849
26,1,0,-0.7222341080486123,0.73402938739019,11.010767722680498,12.368790031518849
26,1,0,-0.7222341080486123,0.73402938739019,11.010767722680498,12.368790031518849
26,1,0,-0.7222341080486123,0.73402938739019,11.010767722680498,12.368790031518849
26,1,0,-0.7222341080486123,0.73402938739019,11.010767722680498,12.368790031518849
26,1,0,-0.7222341080486123,0.73402938739019,11.010767722680498,12.368790031518849
28,1,1,-1.4548271671159647,-0.06709295546583607,5.799622886691056,10.224513666468798
28,1,0,-1.4548271671159647,-0.06709295546583607,5.799622886691056,10.224513666468798
28,1,0,-1.4548271671159647,-0.06709295546583607,5.799622886691056,10.224513666468798
28,1,0,-1.4548271671159647,-0.06709295546583607,5.799622886691056,10.224513666468798
28,1,0,-1.4548271671159647,-0.06709295546583607,5.799622886691056,10.224513666468798
28,1,0,-1.4548271671159647,-0.06709295546583607,5.799622886691056,10.224513666468798
28,1,0,-1.4548271671159647,-0.06709295546583607,5.799622886691056,10.224513666468798
28,1,0,-1.4548271671159647,-0.06709295546583607,5.799622886691056,10.224513666468798
28,1,0,-1.4548271671159647,-0.06709295546583607,5.799622886691056,10.224513666468798
28,1,0,-1.4548271671159647,-0.06709295546583607,5.799622886691056,10.224513666468798
28,1,0,-1.4548271671159647,-0.06709295546583607,5.799622886691056,10.224513666468798
28,1,0,-1.4548271671159647,-0.06709295546583607,5.799622886691056,10.224513666468798
28,1,0,-1.4548271671159647,-0.06709295546583607,5.799622886691056,10.224513666468798
28,1,0,-1.4548271671159647,-0.06709295546583607,5.799622886691056,10.224513666468798
28,1,0,-1.4548271671159647,-0.06709295546583607,5.799622886691056,10.224513666468798
28,1,0,-1.4548271671159647,-0.06709295546583607,5.799622886691056,10.224513666468798
28,1,0,-1.4548271671159647,-0.06709295546583607,5.799622886691056,10.224513666468798
28,1,0,-1.4548271671159647,-0.06709295546583607,5.799622886691056,10.224513666468798
28,1,0,-1.4548271671159647,-0.06709295546583607,5.799622886691056,10.224513666468798
28,1,0,-1.4548271671159647,-0.06709295546583607,5.799622886691056,10.224513666468798
28,1,0,-1.4548271671159647,-0.06709295546583607,5.799622886691056,10.224513666468798
28,1,0,-1.4548271671159647,-0.06709295546583607,5.799622886691056,10.224513666468798
28,1,0,-1.4548271671159647,-0.06709295546583607,5.799622886691056,10.224513666468798
28,1,0,-1.4548271671159647,-0.06709295546583607,5.799622886691056,10.224513666468798
28,1,0,-1.4548271671159647,-0.06709295546583607,5.799622886691056,10.224513666468798
28,1,0,-1.4548271671159647,-0.06709295546583607,5.799622886691056,10.224513666468798
28,1,0,-1.4548271671159647,-0.06709295546583607,5.799622886691056,10.224513666468798
28,1,0,-1.4548271671159647,-0.06709295546583607,5.799622886691056,10.224513666468798
28,1,0,-1.4548271671159647,-0.06709295546583607,5.799622886691056,10.224513666468798
28,1,0,-1.4548271671159647,-0.06709295546583607,5.799622886691056,10.224513666468798
42,1,1,1.253423171392443,0.5269634289008421,10.156154797225248,12.449525058802365
42,1,1,1.253423171392443,0.5269634289008421,10.156154797225248,12.449525058802365
42,1,1,1.253423171392443,0.5269634289008421,10.156154797225248,12.449525058802365
42,1,1,1.253423171392443,0.5269634289008421,10.156154797225248,12.449525058802365
42,1,1,1.253423171392443,0.5269634289008421,10.156154797225248,12.449525058802365
42,1,1,1.253423171392443,0.5269634289008421,10.156154797225248,12.449525058802365
42,1,1,1.253423171392443,0.5269634289008421,10.156154797225248,12.449525058802365
42,1,1,1.253423171392443,0.5269634289008421,10.156154797225248,12.449525058802365
42,1,1,1.253423171392443,0.5269634289008421,10.156154797225248,12.449525058802365
42,1,1,1.253423171392443,0.5269634289008421,10.156154797225248,12.449525058802365
42,1,1,1.253423171392443,0.5269634289008421,10.156154797225248,12.449525058802365
42,1,1,1.253423171392443,0.5269634289008421,10.156154797225248,12.449525058802365
42,1,1,1.253423171392443,0.5269634289008421,10.156154797225248,12.449525058802365
42,1,1,1.253423171392443,0.5269634289008421,10.156154797225248,12.449525058802365
42,1,0,1.253423171392443,0.5269634289008421,10.156154797225248,12.449525058802365
42,1,0,1.253423171392443,0.5269634289008421,10.156154797225248,12.449525058802365
42,1,0,1.253423171392443,0.5269634289008421,10.156154797225248,12.449525058802365
42,1,0,1.253423171392443,0.5269634289008421,10.156154797225248,12.449525058802365
42,1,0,1.253423171392443,0.5269634289008421,10.156154797225248,12.449525058802365
42,1,0,1.253423171392443,0.5269634289008421,10.156154797225248,12.449525058802365
42,1,0,1.253423171392443,0.5269634289008421,10.156154797225248,12.449525058802365
46,1,1,0.9950743935062175,0.44707488316539984,10.040734646978638,10.17083560962215
46,1,1,0.9950743935062175,0.44707488316539984,10.040734646978638,10.17083560962215
46,1,1,0.9950743935062175,0.44707488316539984,10.040734646978638,10.17083560962215
46,1,1,0.9950743935062175,0.44707488316539984,10.040734646978638,10.17083560962215
46,1,1,0.9950743935062175,0.44707488316539984,10.040734646978638,10.17083560962215
46,1,1,0.9950743935062175,0.44707488316539984,10.040734646978638,10.17083560962215
46,1,1,0.9950743935062175,0.44707488316539984,10.040734646978638,10.17083560962215
46,1,1,0.9950743935062175,0.44707488316539984,10.040734646978638,10.17083560962215
46,1,1,0.9950743935062175,0.44707488316539984,10.040734646978638,10.17083560962215
46,1,0,0.9950743935062175,0.44707488316539984,10.040734646978638,10.17083560962215
46,1,0,0.9950743935062175,0.44707488316539984,10.040734646978638,10.17083560962215
46,1,0,0.9950743935062175,0.44707488316539984,10.040734646978638,10.17083560962215
46,1,0,0.9950743935062175,0.44707488316539984,10.040734646978638,10.17083560962215
46,1,0,0.9950743935062175,0.44707488316539984,10.040734646978638,10.17083560962215
46,1,0,0.9950743935062175,0.44707488316539984,10.040734646978638,10.17083560962215
46,1,0,0.9950743935062175,0.44707488316539984,10.040734646978638,10.17083560962215
46,1,0,0.9950743935062175,0.44707488316539984,10.040734646978638,10.17083560962215
46,1,0,0.9950743935062175,0.44707488316539984,10.040734646978638,10.17083560962215
46,1,0,0.9950743935062175,0.44707488316539984,10.040734646978638,10.17083560962215
46,1,0,0.9950743935062175,0.44707488316539984,10.040734646978638,10.17083560962215
46,1,0,0.9950743935062175,0.44707488316539984,10.040734646978638,10.17083560962215
46,1,0,0.9950743935062175,0.44707488316539984,10.040734646978638,10.17083560962215
46,1,0,0.9950743935062175,0.44707488316539984,10.040734646978638,10.17083560962215
46,1,0,0.9950743935062175,0.44707488316539984,10.040734646978638,10.17083560962215
48,1,1,-1.399752696593331,1.670158632681092,10.60639676681593,9.525583798854143
48,1,1,-1.399752696593331,1.670158632681092,10.60639676681593,9.525583798854143
48,1,1,-1.399752696593331,1.670158632681092,10.60639676681593,9.525583798854143
48,1,1,-1.399752696593331,1.670158632681092,10.60639676681593,9.525583798854143
48,1,1,-1.399752696593331,1.670158632681092,10.60639676681593,9.525583798854143
48,1,1,-1.399752696593331,1.670158632681092,10.60639676681593,9.525583798854143
48,1,1,-1.399752696593331,1.670158632681092,10.60639676681593,9.525583798854143
48,1,1,-1.399752696593331,1.670158632681092,10.60639676681593,9.525583798854143
48,1,1,-1.399752696593331,1.670158632681092,10.60639676681593,9.525583798854143
48,1,1,-1.399752696593331,1.670158632681092,10.60639676681593,9.525583798854143
48,1,1,-1.399752696593331,1.670158632681092,10.60639676681593,9.525583798854143
48,1,1,-1.399752696593331,1.670158632681092,10.60639676681593,9.525583798854143
48,1,0,-1.399752696593331,1.670158632681092,10.60639676681593,9.525583798854143
48,1,0,-1.399752696593331,1.670158632681092,10.60639676681593,9.525583798854143
48,1,0,-1.399752696593331,1.670158632681092,10.60639676681593,9.525583798854143
48,1,0,-1.399752696593331,1.670158632681092,10.60639676681593,9.525583798854143
48,1,0,-1.399752696593331,1.670158632681092,10.60639676681593,9.525583798854143
48,1,0,-1.399752696593331,1.670158632681092,10.60639676681593,9.525583798854143
48,1,0,-1.399752696593331,1.670158632681092,10.60639676681593,9.525583798854143
48,1,0,-1.399752696593331,1.670158632681092,10.60639676681593,9.525583798854143
48,1,0,-1.399752696593331,1.670158632681092,10.60639676681593,9.525583798854143
50,1,1,-0.21842182407301697,0.38885458849441273,6.827673075514804,10.217009282086194
50,1,1,-0.21842182407301697,0.38885458849441273,6.827673075514804,10.217009282086194
50,1,1,-0.21842182407301697,0.38885458849441273,6.827673075514804,10.217009282086194
50,1,1,-0.21842182407301697,0.38885458849441273,6.827673075514804,10.217009282086194
50,1,0,-0.21842182407301697,0.38885458849441273,6.827673075514804,10.217009282086194
50,1,0,-0.21842182407301697,0.38885458849441273,6.827673075514804,10.217009282086194
50,1,0,-0.21842182407301697,0.38885458849441273,6.827673075514804,10.217009282086194
50,1,0,-0.21842182407301697,0.38885458849441273,6.827673075514804,10.217009282086194
50,1,0,-0.21842182407301697,0.38885458849441273,6.827673075514804,10.217009282086194
50,1,0,-0.21842182407301697,0.38885458849441273,6.827673075514804,10.217009282086194
50,1,0,-0.21842182407301697,0.38885458849441273,6.827673075514804,10.217009282086194
50,1,0,-0.21842182407301697,0.38885458849441273,6.827673075514804,10.217009282086194
50,1,0,-0.21842182407301697,0.38885458849441273,6.827673075514804,10.217009282086194
50,1,0,-0.21842182407301697,0.38885458849441273,6.827673075514804,10.217009282086194
50,1,0,-0.21842182407301697,0.38885458849441273,6.827673075514804,10.217009282086194
50,1,0,-0.21842182407301697,0.38885458849441273,6.827673075514804,10.217009282086194
50,1,0,-0.21842182407301697,0.38885458849441273,6.827673075514804,10.217009282086194
56,1,1,1.3151746107659759,0.13337973743072307,8.379113504682152,12.673666475204648
56,1,1,1.3151746107659759,0.13337973743072307,8.379113504682152,12.673666475204648
56,1,1,1.3151746107659759,0.13337973743072307,8.379113504682152,12.673666475204648
56,1,1,1.3151746107659759,0.13337973743072307,8.379113504682152,12.673666475204648
56,1,1,1.3151746107659759,0.13337973743072307,8.379113504682152,12.673666475204648
56,1,1,1.3151746107659759,0.13337973743072307,8.379113504682152,12.673666475204648
56,1,1,1.3151746107659759,0.13337973743072307,8.379113504682152,12.673666475204648
56,1,1,1.3151746107659759,0.13337973743072307,8.379113504682152,12.673666475204648
56,1,1,1.3151746107659759,0.13337973743072307,8.379113504682152,12.673666475204648
56,1,0,1.3151746107659759,0.13337973743072307,8.379113504682152,12.673666475204648
56,1,0,1.3151746107659759,0.13337973743072307,8.379113504682152,12.673666475204648
56,1,0,1.3151746107659759,0.13337973743072307,8.379113504682152,12.673666475204648
56,1,0,1.3151746107659759,0.13337973743072307,8.379113504682152,12.673666475204648
56,1,0,1.3151746107659759,0.13337973743072307,8.379113504682152,12.673666475204648
56,1,0,1.3151746107659759,0.13337973743072307,8.379113504682152,12.673666475204648
56,1,0,1.3151746107659759,0.13337973743072307,8.379113504682152,12.673666475204648
56,1,0,1.3151746107659759,0.13337973743072307,8.379113504682152,12.673666475204648
56,1,0,1.3151746107659759,0.13337973743072307,8.379113504682152,12.673666475204648
56,1,0,1.3151746107659759,0.13337973743072307,8.379113504682152,12.673666475204648
56,1,0,1.3151746107659759,0.13337973743072307,8.379113504682152,12.673666475204648
56,1,0,1.3151746107659759,0.13337973743072307,8.379113504682152,12.673666475204648
56,1,0,1.3151746107659759,0.13337973743072307,8.379113504682152,12.673666475204648
56,1,0,1.3151746107659759,0.13337973743072307,8.379113504682152,12.673666475204648
56,1,0,1.3151746107659759,0.13337973743072307,8.379113504682152,12.673666475204648
56,1,0,1.3151746107659759,0.13337973743072307,8.379113504682152,12.673666475204648
56,1,0,1.3151746107659759,0.13337973743072307,8.379113504682152,12.673666475204648
56,1,0,1.3151746107659759,0.13337973743072307,8.379113504682152,12.673666475204648
56,1,0,1.3151746107659759,0.13337973743072307,8.379113504682152,12.673666475204648
69,1,1,0.32720042382884085,-0.020230968357842462,9.143739130601027,10.11551549991849
69,1,1,0.32720042382884085,-0.020230968357842462,9.143739130601027,10.11551549991849
69,1,1,0.32720042382884085,-0.020230968357842462,9.143739130601027,10.11551549991849
69,1,0,0.32720042382884085,-0.020230968357842462,9.143739130601027,10.11551549991849
69,1,0,0.32720042382884085,-0.020230968357842462,9.143739130601027,10.11551549991849
69,1,0,0.32720042382884085,-0.020230968357842462,9.143739130601027,10.11551549991849
69,1,0,0.32720042382884085,-0.020230968357842462,9.143739130601027,10.11551549991849
69,1,0,0.32720042382884085,-0.020230968357842462,9.143739130601027,10.11551549991849
69,1,0,0.32720042382884085,-0.020230968357842462,9.143739130601027,10.11551549991849
69,1,0,0.32720042382884085,-0.020230968357842462,9.143739130601027,10.11551549991849
69,1,0,0.32720042382884085,-0.020230968357842462,9.143739130601027,10.11551549991849
69,1,0,0.32720042382884085,-0.020230968357842462,9.143739130601027,10.11551549991849
69,1,0,0.32720042382884085,-0.020230968357842462,9.143739130601027,10.11551549991849
69,1,0,0.32720042382884085,-0.020230968357842462,9.143739130601027,10.11551549991849
69,1,0,0.32720042382884085,-0.020230968357842462,9.143739130601027,10.11551549991849
69,1,0,0.32720042382884085,-0.020230968357842462,9.143739130601027,10.11551549991849
69,1,0,0.32720042382884085,-0.020230968357842462,9.143739130601027,10.11551549991849
69,1,0,0.32720042382884085,-0.020230968357842462,9.143739130601027,10.11551549991849
69,1,0,0.32720042382884085,-0.020230968357842462,9.143739130601027,10.11551549991849
70,1,1,1.2097915713228506,-0.31088769756148893,4.762545582167841,10.551747148896037
70,1,1,1.2097915713228506,-0.31088769756148893,4.762545582167841,10.551747148896037
70,1,0,1.2097915713228506,-0.31088769756148893,4.762545582167841,10.551747148896037
70,1,0,1.2097915713228506,-0.31088769756148893,4.762545582167841,10.551747148896037
70,1,0,1.2097915713228506,-0.31088769756148893,4.762545582167841,10.551747148896037
70,1,0,1.2097915713228506,-0.31088769756148893,4.762545582167841,10.551747148896037
70,1,0,1.2097915713228506,-0.31088769756148893,4.762545582167841,10.551747148896037
70,1,0,1.2097915713228506,-0.31088769756148893,4.762545582167841,10.551747148896037
70,1,0,1.2097915713228506,-0.31088769756148893,4.762545582167841,10.551747148896037
70,1,0,1.2097915713228506,-0.31088769756148893,4.762545582167841,10.551747148896037
70,1,0,1.2097915713228506,-0.31088769756148893,4.762545582167841,10.551747148896037
70,1,0,1.2097915713228506,-0.31088769756148893,4.762545582167841,10.551747148896037
70,1,0,1.2097915713228506,-0.31088769756148893,4.762545582167841,10.551747148896037
70,1,0,1.2097915713228506,-0.31088769756148893,4.762545582167841,10.551747148896037
70,1,0,1.2097915713228506,-0.31088769756148893,4.762545582167841,10.551747148896037
70,1,0,1.2097915713228506,-0.31088769756148893,4.762545582167841,10.551747148896037
70,1,0,1.2097915713228506,-0.31088769756148893,4.762545582167841,10.551747148896037
70,1,0,1.2097915713228506,-0.31088769756148893,4.762545582167841,10.551747148896037
70,1,0,1.2097915713228506,-0.31088769756148893,4.762545582167841,10.551747148896037
70,1,0,1.2097915713228506,-0.31088769756148893,4.762545582167841,10.551747148896037
70,1,0,1.2097915713228506,-0.31088769756148893,4.762545582167841,10.551747148896037
70,1,0,1.2097915713228506,-0.31088769756148893,4.762545582167841,10.551747148896037
70,1,0,1.2097915713228506,-0.31088769756148893,4.762545582167841,10.551747148896037
70,1,0,1.2097915713228506,-0.31088769756148893,4.762545582167841,10.551747148896037
70,1,0,1.2097915713228506,-0.31088769756148893,4.762545582167841,10.551747148896037
71,1,1,-0.9009971275779911,0.35309949754325126,8.818176561921504,8.239722348680079
71,1,0,-0.9009971275779911,0.35309949754325126,8.818176561921504,8.239722348680079
71,1,0,-0.9009971275779911,0.35309949754325126,8.818176561921504,8.239722348680079
71,1,0,-0.9009971275779911,0.35309949754325126,8.818176561921504,8.239722348680079
71,1,0,-0.9009971275779911,0.35309949754325126,8.818176561921504,8.239722348680079
71,1,0,-0.9009971275779911,0.35309949754325126,8.818176561921504,8.239722348680079
71,1,0,-0.9009971275779911,0.35309949754325126,8.818176561921504,8.239722348680079
71,1,0,-0.9009971275779911,0.35309949754325126,8.818176561921504,8.239722348680079
71,1,0,-0.9009971275779911,0.35309949754325126,8.818176561921504,8.239722348680079
71,1,0,-0.9009971275779911,0.35309949754325126,8.818176561921504,8.239722348680079
71,1,0,-0.9009971275779911,0.35309949754325126,8.818176561921504,8.239722348680079
71,1,0,-0.9009971275779911,0.35309949754325126,8.818176561921504,8.239722348680079
71,1,0,-0.9009971275779911,0.35309949754325126,8.818176561921504,8.239722348680079
71,1,0,-0.9009971275779911,0.35309949754325126,8.818176561921504,8.239722348680079
71,1,0,-0.9009971275779911,0.35309949754325126,8.818176561921504,8.239722348680079
71,1,0,-0.9009971275779911,0.35309949754325126,8.818176561921504,8.239722348680079
71,1,0,-0.9009971275779911,0.35309949754325126,8.818176561921504,8.239722348680079
71,1,0,-0.9009971275779911,0.35309949754325126,8.818176561921504,8.239722348680079
71,1,0,-0.9009971275779911,0.35309949754325126,8.818176561921504,8.239722348680079
71,1,0,-0.9009971275779911,0.35309949754325126,8.818176561921504,8.239722348680079
71,1,0,-0.9009971275779911,0.35309949754325126,8.818176561921504,8.239722348680079
71,1,0,-0.9009971275779911,0.35309949754325126,8.818176561921504,8.239722348680079
71,1,0,-0.9009971275779911,0.35309949754325126,8.818176561921504,8.239722348680079
71,1,0,-0.9009971275779911,0.35309949754325126,8.818176561921504,8.239722348680079
71,1,0,-0.9009971275779911,0.35309949754325126,8.818176561921504,8.239722348680079
71,1,0,-0.9009971275779911,0.35309949754325126,8.818176561921504,8.239722348680079
71,1,0,-0.9009971275779911,0.35309949754325126,8.818176561921504,8.239722348680079
77,1,1,0.15527303554936997,-0.45434676447844213,6.8461715191054004,11.07116205620554
77,1,0,0.15527303554936997,-0.45434676447844213,6.8461715191054004,11.07116205620554
77,1,0,0.15527303554936997,-0.45434676447844213,6.8461715191054004,11.07116205620554
77,1,0,0.15527303554936997,-0.45434676447844213,6.8461715191054004,11.07116205620554
77,1,0,0.15527303554936997,-0.45434676447844213,6.8461715191054004,11.07116205620554
77,1,0,0.15527303554936997,-0.45434676447844213,6.8461715191054004,11.07116205620554
77,1,0,0.15527303554936997,-0.45434676447844213,6.8461715191054004,11.07116205620554
77,1,0,0.15527303554936997,-0.45434676447844213,6.8461715191054004,11.07116205620554
77,1,0,0.15527303554936997,-0.45434676447844213,6.8461715191054004,11.07116205620554
77,1,0,0.15527303554936997,-0.45434676447844213,6.8461715191054004,11.07116205620554
77,1,0,0.15527303554936997,-0.45434676447844213,6.8461715191054004,11.07116205620554
77,1,0,0.15527303554936997,-0.45434676447844213,6.8461715191054004,11.07116205620554
77,1,0,0.15527303554936997,-0.45434676447844213,6.8461715191054004,11.07116205620554
77,1,0,0.15527303554936997,-0.45434676447844213,6.8461715191054004,11.07116205620554
77,1,0,0.15527303554936997,-0.45434676447844213,6.8461715191054004,11.07116205620554
77,1,0,0.15527303554936997,-0.45434676447844213,6.8461715191054004,11.07116205620554
77,1,0,0.15527303554936997,-0.45434676447844213,6.8461715191054004,11.07116205620554
77,1,0,0.15527303554936997,-0.45434676447844213,6.8461715191054004,11.07116205620554
77,1,0,0.15527303554936997,-0.45434676447844213,6.8461715191054004,11.07116205620554
77,1,0,0.15527303554936997,-0.45434676447844213,6.8461715191054004,11.07116205620554
77,1,0,0.15527303554936997,-0.45434676447844213,6.8461715191054004,11.07116205620554
77,1,0,0.15527303554936997,-0.45434676447844213,6.8461715191054004,11.07116205620554
77,1,0,0.15527303554936997,-0.45434676447844213,6.8461715191054004,11.07116205620554
77,1,0,0.15527303554936997,-0.45434676447844213,6.8461715191054004,11.07116205620554
77,1,0,0.15527303554936997,-0.45434676447844213,6.8461715191054004,11.07116205620554
77,1,0,0.15527303554936997,-0.45434676447844213,6.8461715191054004,11.07116205620554
77,1,0,0.15527303554936997,-0.45434676447844213,6.8461715191054004,11.07116205620554
77,1,0,0.15527303554936997,-0.45434676447844213,6.8461715191054004,11.07116205620554
89,1,1,-1.0278144935953502,1.034390235176915,6.9659805978031715,5.759166875735849
89,1,1,-1.0278144935953502,1.034390235176915,6.9659805978031715,5.759166875735849
89,1,1,-1.0278144935953502,1.034390235176915,6.9659805978031715,5.759166875735849
89,1,1,-1.0278144935953502,1.034390235176915,6.9659805978031715,5.759166875735849
89,1,1,-1.0278144935953502,1.034390235176915,6.9659805978031715,5.759166875735849
89,1,1,-1.0278144935953502,1.034390235176915,6.9659805978031715,5.759166875735849
89,1,1,-1.0278144935953502,1.034390235176915,6.9659805978031715,5.759166875735849
89,1,1,-1.0278144935953502,1.034390235176915,6.9659805978031715,5.759166875735849
89,1,1,-1.0278144935953502,1.034390235176915,6.9659805978031715,5.759166875735849
89,1,0,-1.0278144935953502,1.034390235176915,6.9659805978031715,5.759166875735849
89,1,0,-1.0278144935953502,1.034390235176915,6.9659805978031715,5.759166875735849
89,1,0,-1.0278144935953502,1.034390235176915,6.9659805978031715,5.759166875735849
89,1,0,-1.0278144935953502,1.034390235176915,6.9659805978031715,5.759166875735849
89,1,0,-1.0278144935953502,1.034390235176915,6.9659805978031715,5.759166875735849
89,1,0,-1.0278144935953502,1.034390235176915,6.9659805978031715,5.759166875735849
89,1,0,-1.0278144935953502,1.034390235176915,6.9659805978031715,5.759166875735849
89,1,0,-1.0278144935953502,1.034390235176915,6.9659805978031715,5.759166875735849
89,1,0,-1.0278144935953502,1.034390235176915,6.9659805978031715,5.759166875735849
89,1,0,-1.0278144935953502,1.034390235176915,6.9659805978031715,5.759166875735849
89,1,0,-1.0278144935953502,1.034390235176915,6.9659805978031715,5.759166875735849
94,1,1,1.021879723787923,1.331539019143103,13.043263989677715,9.877673118244141
94,1,1,1.021879723787923,1.331539019143103,13.043263989677715,9.877673118244141
94,1,1,1.021879723787923,1.331539019143103,13.043263989677715,9.877673118244141
94,1,1,1.021879723787923,1.331539019143103,13.043263989677715,9.877673118244141
94,1,1,1.021879723787923,1.331539019143103,13.043263989677715,9.877673118244141
94,1,1,1.021879723787923,1.331539019143103,13.043263989677715,9.877673118244141
94,1,1,1.021879723787923,1.331539019143103,13.043263989677715,9.877673118244141
94,1,1,1.021879723787923,1.331539019143103,13.043263989677715,9.877673118244141
94,1,1,1.021879723787923,1.331539019143103,13.043263989677715,9.877673118244141
94,1,1,1.021879723787923,1.331539019143103,13.043263989677715,9.877673118244141
94,1,1,1.021879723787923,1.331539019143103,13.043263989677715,9.877673118244141
94,1,1,1.021879723787923,1.331539019143103,13.043263989677715,9.877673118244141
94,1,1,1.021879723787923,1.331539019143103,13.043263989677715,9.877673118244141
94,1,1,1.021879723787923,1.331539019143103,13.043263989677715,9.877673118244141
94,1,1,1.021879723787923,1.331539019143103,13.043263989677715,9.877673118244141
94,1,1,1.021879723787923,1.331539019143103,13.043263989677715,9.877673118244141
94,1,1,1.021879723787923,1.331539019143103,13.043263989677715,9.877673118244141
94,1,1,1.021879723787923,1.331539019143103,13.043263989677715,9.877673118244141
94,1,1,1.021879723787923,1.331539019143103,13.043263989677715,9.877673118244141
94,1,1,1.021879723787923,1.331539019143103,13.043263989677715,9.877673118244141
94,1,1,1.021879723787923,1.331539019143103,13.043263989677715,9.877673118244141
94,1,1,1.021879723787923,1.331539019143103,13.043263989677715,9.877673118244141
94,1,1,1.021879723787923,1.331539019143103,13.043263989677715,9.877673118244141
94,1,1,1.021879723787923,1.331539019143103,13.043263989677715,9.877673118244141
94,1,1,1.021879723787923,1.331539019143103,13.043263989677715,9.877673118244141
94,1,1,1.021879723787923,1.331539019143103,13.043263989677715,9.877673118244141
94,1,0,1.021879723787923,1.331539019143103,13.043263989677715,9.877673118244141
94,1,0,1.021879723787923,1.331539019143103,13.043263989677715,9.877673118244141
94,1,0,1.021879723787923,1.331539019143103,13.043263989677715,9.877673118244141
94,1,0,1.021879723787923,1.331539019143103,13.043263989677715,9.877673118244141
94,1,0,1.021879723787923,1.331539019143103,13.043263989677715,9.877673118244141
94,1,0,1.021879723787923,1.331539019143103,13.043263989677715,9.877673118244141
120,1,1,0.9848486735548798,0.8836166492752667,7.782186782835662,11.301837875303328
120,1,1,0.9848486735548798,0.8836166492752667,7.782186782835662,11.301837875303328
120,1,1,0.9848486735548798,0.8836166492752667,7.782186782835662,11.301837875303328
120,1,1,0.9848486735548798,0.8836166492752667,7.782186782835662,11.301837875303328
120,1,1,0.9848486735548798,0.8836166492752667,7.782186782835662,11.301837875303328
120,1,1,0.9848486735548798,0.8836166492752667,7.782186782835662,11.301837875303328
120,1,1,0.9848486735548798,0.8836166492752667,7.782186782835662,11.301837875303328
120,1,1,0.9848486735548798,0.8836166492752667,7.782186782835662,11.301837875303328
120,1,1,0.9848486735548798,0.8836166492752667,7.782186782835662,11.301837875303328
120,1,1,0.9848486735548798,0.8836166492752667,7.782186782835662,11.301837875303328
120,1,1,0.9848486735548798,0.8836166492752667,7.782186782835662,11.301837875303328
120,1,1,0.9848486735548798,0.8836166492752667,7.782186782835662,11.301837875303328
120,1,1,0.9848486735548798,0.8836166492752667,7.782186782835662,11.301837875303328
120,1,1,0.9848486735548798,0.8836166492752667,7.782186782835662,11.301837875303328
120,1,1,0.9848486735548798,0.8836166492752667,7.782186782835662,11.301837875303328
120,1,0,0.9848486735548798,0.8836166492752667,7.782186782835662,11.301837875303328
125,1,1,-0.6892403625954295,-0.9600842135994878,6.297066111229088,7.294783037957073
125,1,0,-0.6892403625954295,-0.9600842135994878,6.297066111229088,7.294783037957073
125,1,0,-0.6892403625954295,-0.9600842135994878,6.297066111229088,7.294783037957073
125,1,0,-0.6892403625954295,-0.9600842135994878,6.297066111229088,7.294783037957073
125,1,0,-0.6892403625954295,-0.9600842135994878,6.297066111229088,7.294783037957073
125,1,0,-0.6892403625954295,-0.9600842135994878,6.297066111229088,7.294783037957073
125,1,0,-0.6892403625954295,-0.9600842135994878,6.297066111229088,7.294783037957073
125,1,0,-0.6892403625954295,-0.9600842135994878,6.297066111229088,7.294783037957073
125,1,0,-0.6892403625954295,-0.9600842135994878,6.297066111229088,7.294783037957073
125,1,0,-0.6892403625954295,-0.9600842135994878,6.297066111229088,7.294783037957073
125,1,0,-0.6892403625954295,-0.9600842135994878,6.297066111229088,7.294783037957073
125,1,0,-0.6892403625954295,-0.9600842135994878,6.297066111229088,7.294783037957073
125,1,0,-0.6892403625954295,-0.9600842135994878,6.297066111229088,7.294783037957073
125,1,0,-0.6892403625954295,-0.9600842135994878,6.297066111229088,7.294783037957073
125,1,0,-0.6892403625954295,-0.9600842135994878,6.297066111229088,7.294783037957073
125,1,0,-0.6892403625954295,-0.9600842135994878,6.297066111229088,7.294783037957073
125,1,0,-0.6892403625954295,-0.9600842135994878,6.297066111229088,7.294783037957073
125,1,0,-0.6892403625954295,-0.9600842135994878,6.297066111229088,7.294783037957073
125,1,0,-0.6892403625954295,-0.9600842135994878,6.297066111229088,7.294783037957073
125,1,0,-0.6892403625954295,-0.9600842135994878,6.297066111229088,7.294783037957073
125,1,0,-0.6892403625954295,-0.9600842135994878,6.297066111229088,7.294783037957073
125,1,0,-0.6892403625954295,-0.9600842135994878,6.297066111229088,7.294783037957073
125,1,0,-0.6892403625954295,-0.9600842135994878,6.297066111229088,7.294783037957073
126,1,1,-0.6330110419452923,0.9265341804604709,10.879380948100746,8.375609745463192
126,1,1,-0.6330110419452923,0.9265341804604709,10.879380948100746,8.375609745463192
126,1,1,-0.6330110419452923,0.9265341804604709,10.879380948100746,8.375609745463192
126,1,1,-0.6330110419452923,0.9265341804604709,10.879380948100746,8.375609745463192
126,1,1,-0.6330110419452923,0.9265341804604709,10.879380948100746,8.375609745463192
126,1,1,-0.6330110419452923,0.9265341804604709,10.879380948100746,8.375609745463192
126,1,0,-0.6330110419452923,0.9265341804604709,10.879380948100746,8.375609745463192
126,1,0,-0.6330110419452923,0.9265341804604709,10.879380948100746,8.375609745463192
126,1,0,-0.6330110419452923,0.9265341804604709,10.879380948100746,8.375609745463192
126,1,0,-0.6330110419452923,0.9265341804604709,10.879380948100746,8.375609745463192
126,1,0,-0.6330110419452923,0.9265341804604709,10.879380948100746,8.375609745463192
126,1,0,-0.6330110419452923,0.9265341804604709,10.879380948100746,8.375609745463192
126,1,0,-0.6330110419452923,0.9265341804604709,10.879380948100746,8.375609745463192
126,1,0,-0.6330110419452923,0.9265341804604709,10.879380948100746,8.375609745463192
126,1,0,-0.6330110419452923,0.9265341804604709,10.879380948100746,8.375609745463192
126,1,0,-0.6330110419452923,0.9265341804604709,10.879380948100746,8.375609745463192
126,1,0,-0.6330110419452923,0.9265341804604709,10.879380948100746,8.375609745463192
126,1,0,-0.6330110419452923,0.9265341804604709,10.879380948100746,8.375609745463192
126,1,0,-0.6330110419452923,0.9265341804604709,10.879380948100746,8.375609745463192
138,1,1,0.6485442146120889,0.02538064603791998,10.927505614600726,11.45706241003412
138,1,1,0.6485442146120889,0.02538064603791998,10.927505614600726,11.45706241003412
138,1,1,0.6485442146120889,0.02538064603791998,10.927505614600726,11.45706241003412
138,1,1,0.6485442146120889,0.02538064603791998,10.927505614600726,11.45706241003412
138,1,0,0.6485442146120889,0.02538064603791998,10.927505614600726,11.45706241003412
138,1,0,0.6485442146120889,0.02538064603791998,10.927505614600726,11.45706241003412
138,1,0,0.6485442146120889,0.02538064603791998,10.927505614600726,11.45706241003412
138,1,0,0.6485442146120889,0.02538064603791998,10.927505614600726,11.45706241003412
138,1,0,0.6485442146120889,0.02538064603791998,10.927505614600726,11.45706241003412
138,1,0,0.6485442146120889,0.02538064603791998,10.927505614600726,11.45706241003412
138,1,0,0.6485442146120889,0.02538064603791998,10.927505614600726,11.45706241003412
138,1,0,0.6485442146120889,0.02538064603791998,10.927505614600726,11.45706241003412
138,1,0,0.6485442146120889,0.02538064603791998,10.927505614600726,11.45706241003412
138,1,0,0.6485442146120889,0.02538064603791998,10.927505614600726,11.45706241003412
138,1,0,0.6485442146120889,0.02538064603791998,10.927505614600726,11.45706241003412
138,1,0,0.6485442146120889,0.02538064603791998,10.927505614600726,11.45706241003412
138,1,0,0.6485442146120889,0.02538064603791998,10.927505614600726,11.45706241003412
138,1,0,0.6485442146120889,0.02538064603791998,10.927505614600726,11.45706241003412
138,1,0,0.6485442146120889,0.02538064603791998,10.927505614600726,11.45706241003412
138,1,0,0.6485442146120889,0.02538064603791998,10.927505614600726,11.45706241003412
138,1,0,0.6485442146120889,0.02538064603791998,10.927505614600726,11.45706241003412
138,1,0,0.6485442146120889,0.02538064603791998,10.927505614600726,11.45706241003412
138,1,0,0.6485442146120889,0.02538064603791998,10.927505614600726,11.45706241003412
138,1,0,0.6485442146120889,0.02538064603791998,10.927505614600726,11.45706241003412
138,1,0,0.6485442146120889,0.02538064603791998,10.927505614600726,11.45706241003412
138,1,0,0.6485442146120889,0.02538064603791998,10.927505614600726,11.45706241003412
138,1,0,0.6485442146120889,0.02538064603791998,10.927505614600726,11.45706241003412
138,1,0,0.6485442146120889,0.02538064603791998,10.927505614600726,11.45706241003412
139,1,1,-1.2568364626587507,-0.15471440463451602,7.7452420816780965,5.854871019431949
139,1,1,-1.2568364626587507,-0.15471440463451602,7.7452420816780965,5.854871019431949
139,1,1,-1.2568364626587507,-0.15471440463451602,7.7452420816780965,5.854871019431949
139,1,1,-1.2568364626587507,-0.15471440463451602,7.7452420816780965,5.854871019431949
139,1,1,-1.2568364626587507,-0.15471440463451602,7.7452420816780965,5.854871019431949
139,1,0,-1.2568364626587507,-0.15471440463451602,7.7452420816780965,5.854871019431949
139,1,0,-1.2568364626587507,-0.15471440463451602,7.7452420816780965,5.854871019431949
139,1,0,-1.2568364626587507,-0.15471440463451602,7.7452420816780965,5.854871019431949
139,1,0,-1.2568364626587507,-0.15471440463451602,7.7452420816780965,5.854871019431949
139,1,0,-1.2568364626587507,-0.15471440463451602,7.7452420816780965,5.854871019431949
139,1,0,-1.2568364626587507,-0.15471440463451602,7.7452420816780965,5.854871019431949
139,1,0,-1.2568364626587507,-0.15471440463451602,7.7452420816780965,5.854871019431949
139,1,0,-1.2568364626587507,-0.15471440463451602,7.7452420816780965,5.854871019431949
139,1,0,-1.2568364626587507,-0.15471440463451602,7.7452420816780965,5.854871019431949
139,1,0,-1.2568364626587507,-0.15471440463451602,7.7452420816780965,5.854871019431949
139,1,0,-1.2568364626587507,-0.15471440463451602,7.7452420816780965,5.854871019431949
139,1,0,-1.2568364626587507,-0.15471440463451602,7.7452420816780965,5.854871019431949
139,1,0,-1.2568364626587507,-0.15471440463451602,7.7452420816780965,5.854871019431949
139,1,0,-1.2568364626587507,-0.15471440463451602,7.7452420816780965,5.854871019431949
139,1,0,-1.2568364626587507,-0.15471440463451602,7.7452420816780965,5.854871019431949
139,1,0,-1.2568364626587507,-0.15471440463451602,7.7452420816780965,5.854871019431949
139,1,0,-1.2568364626587507,-0.15471440463451602,7.7452420816780965,5.854871019431949
139,1,0,-1.2568364626587507,-0.15471440463451602,7.7452420816780965,5.854871019431949
139,1,0,-1.2568364626587507,-0.15471440463451602,7.7452420816780965,5.854871019431949
139,1,0,-1.2568364626587507,-0.15471440463451602,7.7452420816780965,5.854871019431949
139,1,0,-1.2568364626587507,-0.15471440463451602,7.7452420816780965,5.854871019431949
139,1,0,-1.2568364626587507,-0.15471440463451602,7.7452420816780965,5.854871019431949
139,1,0,-1.2568364626587507,-0.15471440463451602,7.7452420816780965,5.854871019431949
139,1,0,-1.2568364626587507,-0.15471440463451602,7.7452420816780965,5.854871019431949
139,1,0,-1.2568364626587507,-0.15471440463451602,7.7452420816780965,5.854871019431949
139,1,0,-1.2568364626587507,-0.15471440463451602,7.7452420816780965,5.854871019431949
